{"cameraMode":{"drawMode":0,"name":"Shaded","section":"Shading Mode"},"sceneLighting":false,"audioPlay":false,"sceneViewState":{"showFog":true,"showMaterialUpdate":false,"showSkybox":true,"showFlares":true,"showImageEffects":true,"showParticleSystems":true},"in2DMode":false,"pivot":{"x":-7.0421552658081059,"y":-0.5408451557159424,"z":4.098257541656494},"rotation":{"x":-0.07375962287187576,"y":0.7026244401931763,"z":-0.07362581044435501,"w":-0.7038875222206116},"size":2.8578836917877199,"orthographic":false}