{"cameraMode":{"drawMode":0,"name":"Shaded","section":"Shading Mode"},"sceneLighting":false,"audioPlay":false,"sceneViewState":{"showFog":true,"showMaterialUpdate":false,"showSkybox":true,"showFlares":true,"showImageEffects":true,"showParticleSystems":true},"in2DMode":false,"pivot":{"x":5.160019397735596,"y":4.30850076675415,"z":9.753457069396973},"rotation":{"x":0.19239851832389832,"y":-0.3186531662940979,"z":0.06622274219989777,"w":0.9257740378379822},"size":10.178897857666016,"orthographic":false}