{"cameraMode":{"drawMode":0,"name":"Shaded","section":"Shading Mode"},"sceneLighting":false,"audioPlay":false,"sceneViewState":{"showFog":true,"showMaterialUpdate":false,"showSkybox":true,"showFlares":true,"showImageEffects":true,"showParticleSystems":true},"in2DMode":false,"pivot":{"x":-1.3515617847442628,"y":-7.736330032348633,"z":4.9359612464904789},"rotation":{"x":0.07862319052219391,"y":0.8972976207733154,"z":-0.17806598544120789,"w":0.39619180560112},"size":4.042115688323975,"orthographic":false}