{"cameraMode":{"drawMode":0,"name":"Shaded","section":"Shading Mode"},"sceneLighting":false,"audioPlay":false,"sceneViewState":{"showFog":true,"showMaterialUpdate":false,"showSkybox":true,"showFlares":true,"showImageEffects":true,"showParticleSystems":true},"in2DMode":false,"pivot":{"x":-0.5277676582336426,"y":-6.950889587402344,"z":4.6235761642456059},"rotation":{"x":0.03383879363536835,"y":0.9588627219200134,"z":-0.12965445220470429,"w":0.25025373697280886},"size":2.8578836917877199,"orthographic":false}